URL,Last crawled
https://app-works.app/appworksSite/article/newlocal-a-laboratory-where-small-newsrooms-learn-big-city-tricks,2026-03-28
https://www.app-works.app/cms,2026-03-22
https://app-works.app/home,2026-03-21
https://www.app-works.app/home,2026-03-21
https://app-works.app/article//span[,2026-03-21
https://www.app-works.app/article?id=38,2026-03-20
https://app-works.app/image/cache/large-full/,2026-03-02
https://www.app-works.app/article?slug=sat-hub-mobile-app-for-auto-motoring-fans-and-enthusiasts,2026-02-28
https://www.app-works.app/article?id=45,2026-02-28
https://app-works.app/article?id=25,2026-02-27
https://app-works.app/article?id=49,2026-02-24
https://www.app-works.app/article?id=41,2026-02-24
https://www.app-works.app/article?id=49,2026-02-22
https://www.app-works.app/article?id=30,2026-02-20
https://www.app-works.app/article?slug=greek-basket-league-how-to-run-a-mobile-app-on-autopilot,2026-02-18
https://www.app-works.app/article?id=34,2026-02-18
https://app-works.app/article?slug=how-automated-transcriptions-enhance-efficiency-for-media-companies,2026-02-17
https://app-works.app/article?id=41,2026-02-17
https://www.app-works.app/article?slug=ghanasoccernet-the-ultimate-football-news-app-for-ghana-football,2026-02-16
https://app-works.app/article?id=56,2026-02-16
https://app-works.app/article?id=48,2026-02-16
https://app-works.app/partners,2026-02-15
https://app-works.app/article?slug=fan-driven-content-boosting-engagement-in-sports-media-apps,2026-02-15
https://app-works.app/article?slug=panathinaikos-fc-innovative-mobile-app-features-for-fan-engagement,2026-02-15
https://www.app-works.app/article?id=50,2026-02-14
https://www.app-works.app/article?id=48,2026-02-13
https://www.app-works.app/article?id=$%7Barticle.id%7D,2026-02-12
https://app-works.app/images/country-flag-16X16/,2026-02-12
https://www.app-works.app/article?slug=boom-93-using-mpanel-to-engage-with-their-readers,2026-02-11
https://www.app-works.app/about,2026-02-11
https://app-works.app/about,2026-02-09
https://www.app-works.app/article?slug=creating-subtitles-on-the-fly-extend-your-media-reach,2026-02-08
https://app-works.app/article?slug=premium-content-exclusive-sponsorship-the-cork-city-fc-mobile-app,2026-02-07
https://www.app-works.app/article?id=25,2026-02-07
https://app-works.app/article?id=34,2026-02-06
https://www.app-works.app/sport,2026-02-06
https://www.app-works.app/media,2026-02-03
https://www.app-works.app/partners,2026-01-28
https://www.app-works.app/article?id=43,2026-01-27
https://app-works.app/article?slug=mapapp-yettel-a-quiet-campaign-for-sharper-digital-instincts,2026-01-24
https://www.app-works.app/article?id=57,2026-01-20
https://app-works.app/oneArticle/49/panathinaikos-fc-innovative-mobile-app-features-for-fan-engagement,2026-01-04
https://app-works.app/oneArticle/25/premium-content-exclusive-sponsorship-the-cork-city-fc-mobile-app,2025-12-22
https://app-works.app/oneArticle/49/panathinaikos-fc-elevating-fan-engagement-with-innovative-mobile-app-features,2025-12-21
https://app-works.app/page/contact?from=AppAgg.com&utm_campaign=AppAgg.com&utm_medium=referral&utm_source=AppAgg.com,2025-12-07